id,day,name,address,city,codes,map,notes,created_at,updated_at
229,"Monday, 	12:00 PM",DISCUSSION.,San Carlos Peninsula Fellowship  1133 Eaton Ave. Upstairs,San Carlos,H,http://goo.gl/maps/PT4Cs,,2013-07-24 02:08:44 UTC,2013-07-24 02:08:44 UTC
6,"Thursday, 	6:30 PM",Sendero De Vida,103 Broadway,Redwood City,E,http://goo.gl/maps/HrGHh,,2013-07-24 02:08:43 UTC,2013-07-24 02:08:43 UTC
142,"Monday, 	7:30 PM",MID-PENINSULA WOMENS GROUP,Hope Lutheran Church	 42nd & The Alameda,San Mateo,"C,W,H",http://goo.gl/maps/NHBb4,,2013-07-24 02:08:43 UTC,2013-07-24 02:08:43 UTC
57,"Tuesday, 	8:00 PM",Grupo Geneva,5520 Mission @ Guttenberg,Daly City,E,http://goo.gl/maps/Pbqkl,,2013-07-24 02:08:43 UTC,2013-07-24 02:08:43 UTC
70,"Thursday, 	7:00 PM",Central de RWC,640 Hurlingame ,Redwood City,E,http://goo.gl/maps/xDXgn,,2013-07-24 02:08:43 UTC,2013-07-24 02:08:43 UTC
106,"Thursday, 	7:30 PM",PEN YP ALCOHOLIC WEEKEND GRP,Crystal Springs Methodist Church  2145 Bunker Hill Dr.,San Mateo,"H,YP,",http://goo.gl/maps/41h0p,,2013-07-24 02:08:43 UTC,2013-07-24 02:08:43 UTC
277,"Thursday, 	7:30 PM",MILLBRAE GROUP,St. Andrew's Church  1600 Santa Lucia – Lower Social Rm,San Bruno ,"H,Wh",http://goo.gl/maps/YyqUx,,2013-07-24 02:08:44 UTC,2013-07-24 02:08:44 UTC
253,"Tuesday, 	8:00 PM",FREEDOM GROUP,Sequoia Hospital - R Floor Conference Room Dr’s Conf. Rm. Whipple & The Alameda,Redwood City,"H,SP,Wh",http://goo.gl/maps/qs8fE,,2013-07-24 02:08:44 UTC,2013-07-24 02:08:44 UTC
266,"Tuesday, 	7:00 PM",THE NEW TUESDAY NITE BEGINNERS (75 Min.),"San Mateo County General Hospital – 222 W. 39th Ave, 2nd Floor, Rm. 1",San Mateo,"B,SP,Wh",http://goo.gl/maps/CkWNM,,2013-07-24 02:08:44 UTC,2013-07-24 02:08:44 UTC
22,"Monday, 	6:30 PM",MONDAY NIGHT MEN'S AA ,1st Presby Church	25th & Hacienda (downstairs-courtyard),San Mateo,"C,D,H",http://goo.gl/maps/ICAx3,,2013-07-24 02:08:43 UTC,2013-07-24 02:08:43 UTC
298,"Sunday, 	7:30 PM",THE INDESCRIBABLY WONDERFUL MTG.,Trinity Baptist Church  39 E. 39th Avenue (enter on 38th),San Mateo,"H,SP,",http://goo.gl/maps/YVOM1,,2013-07-24 02:08:44 UTC,2013-07-24 02:08:44 UTC
251,"Thursday, 	6:00 PM",Women's Speaker/Discussion,San Carlos Peninsula Fellowship  1133 Eaton Ave. Upstairs,San Carlos,"W,H",http://goo.gl/maps/PT4Cs,,2013-07-24 02:08:44 UTC,2013-07-24 02:08:44 UTC
154,"Sunday, 	6:00 PM",PAGE 133 GROUP,Library Palmetto & Hilton (street parking only),Pacifica,"D,H",http://goo.gl/maps/C0m1O,,2013-07-24 02:08:43 UTC,2013-07-24 02:08:43 UTC
226,"Thursday, 	4:30 PM",Discussion,San Carlos Peninsula Fellowship  1133 Eaton Ave. Upstairs,San Carlos,H,http://goo.gl/maps/PT4Cs,,2013-07-24 02:08:44 UTC,2013-07-24 02:08:44 UTC
41,"Monday, 	8:00 PM",Grupo 29 De Mayo,405 Grand Ave. Suite 205,South SF,E,http://goo.gl/maps/bmHbr,,2013-07-24 02:08:43 UTC,2013-07-24 02:08:43 UTC
209,"Sunday, 	11:00 AM",11th Step,San Carlos Peninsula Fellowship  1133 Eaton Ave. Upstairs,San Carlos,H,http://goo.gl/maps/PT4Cs,,2013-07-24 02:08:44 UTC,2013-07-24 02:08:44 UTC
126,"Monday, 	7:30 PM",ALKIE GULCH,Good Shepherd Church   5th & O’Neill,Belmont,D,http://goo.gl/maps/PvMhV,,2013-07-24 02:08:43 UTC,2013-07-24 02:08:43 UTC
9,"Wednesday, 	8:00 PM",BACK TO THE WORLD GROUP,139 Primrose at Howard,Burlingame,H,http://goo.gl/maps/X1hwU,,2013-07-24 02:08:43 UTC,2013-07-24 02:08:43 UTC
115,"Saturday, 	1:00 PM",JOY OF LIVING GROUP,Friendship Hall  416 2nd Ave,San Mateo,"H,Wh",http://goo.gl/maps/tVDW6,,2013-07-24 02:08:43 UTC,2013-07-24 02:08:43 UTC
58,"Wednesday, 	12:00 PM",Grupo Geneva,5520 Mission @ Guttenberg,Daly City,E,http://goo.gl/maps/Pbqkl,,2013-07-24 02:08:43 UTC,2013-07-24 02:08:43 UTC
232,"Wednesday, 	4:30 PM",Grapevine,San Carlos Peninsula Fellowship  1133 Eaton Ave. Upstairs,San Carlos,H,http://goo.gl/maps/PT4Cs,,2013-07-24 02:08:44 UTC,2013-07-24 02:08:44 UTC
294,"Wednesday, 	7:00 PM",SERENITY BY THE SEA,Ted Adcock Comm. Center	535 Kelly Avenue,Half Moon Bay ,,http://goo.gl/maps/SFhXI,,2013-07-24 02:08:44 UTC,2013-07-24 02:08:44 UTC
120,"Saturday, 	7:00 AM",Morning Serenity,Friendship Hall  416 2nd Ave,San Mateo,,http://goo.gl/maps/tVDW6,,2013-07-24 02:08:43 UTC,2013-07-24 02:08:43 UTC
166,"Friday, 	5:00 PM",Big Book Study,Methodist Church	560 El Camino-ent. Rear,San Bruno ,L,http://goo.gl/maps/BFE2J,,2013-07-24 02:08:43 UTC,2013-07-24 02:08:43 UTC
66,"Sunday, 	7:00 PM",Central de RWC,640 Hurlingame ,Redwood City,E,http://goo.gl/maps/xDXgn,,2013-07-24 02:08:43 UTC,2013-07-24 02:08:43 UTC
174,"Sunday, 	10:00 AM",Sunday Serenity,Mills Health Center	100 S. San Mateo Dr.lower level in Saidy Room,San Mateo,"H,Wh",http://goo.gl/maps/1rMDe,,2013-07-24 02:08:43 UTC,2013-07-24 02:08:43 UTC
96,"Tuesday, 	7:30 PM",HILLSDALE GROUP,Church of the Transfig	39th & The Alameda,San Mateo,"SP,",http://goo.gl/maps/197kf,,2013-07-24 02:08:43 UTC,2013-07-24 02:08:43 UTC
156,"Wednesday, 	12:00 PM",PACIFICA DISCUSSION,Library	Palmetto & Hilton (street parking only),Pacifica,"D,H,Wh",http://goo.gl/maps/C0m1O,,2013-07-24 02:08:43 UTC,2013-07-24 02:08:43 UTC
271,"Monday, 	7:30 PM",STUDY THE TEXT GROUP,St. Ambrose Church	Beachpark & Edgewater,Foster City,"D,H,SP,L",http://goo.gl/maps/Jntaz,,2013-07-24 02:08:44 UTC,2013-07-24 02:08:44 UTC
100,"Tuesday, 	5:30 PM",Foster City Living Sober Group,Community Center 1000 E. Hillsdale - 2nd Fl.,Foster City,"H,L",http://goo.gl/maps/Kf3xI,,2013-07-24 02:08:43 UTC,2013-07-24 02:08:43 UTC
86,"Sunday, 	10:30 AM",Daily Reflections,Beach (weather permitting)	Hwy 1 & Crespi,Pacifica,H,"https://maps.google.com/maps?q=Hwy+1+%26+Crespi+Dr,+Pacifica,+CA&hl=en&sll=37.59441,-122.505884&sspn=0.018566,0.042014&oq=Hwy+1+and+Cre&hnear=California+1+%26+Crespi+Dr,+Pacifica,+San+Mateo,+California+94044&t=m&z=16",,2013-07-24 02:08:43 UTC,2013-07-24 02:08:43 UTC
119,"Friday, 	7:00 AM",Morning Serenity,Friendship Hall  416 2nd Ave,San Mateo,H,http://goo.gl/maps/tVDW6,,2013-07-24 02:08:43 UTC,2013-07-24 02:08:43 UTC
224,"Tuesday, 	4:30 PM",Discussion,San Carlos Peninsula Fellowship  1133 Eaton Ave. Upstairs,San Carlos,H,http://goo.gl/maps/PT4Cs,,2013-07-24 02:08:44 UTC,2013-07-24 02:08:44 UTC
321,"Wednesday, 	6:00 PM",Men's no BS,WBAC - West Bay Fellowship - Phone: (650) 756-3322   7324 Mission Street,Daly City,"H,M",http://goo.gl/maps/pxPLF,,2013-07-24 02:08:44 UTC,2013-07-24 02:08:44 UTC
183,"Thursday, 	7:30 PM",HILLSBOROUGH MEN'S GROUP,New Life Community Church  1430 Palm Drive -- enter on El Camino Real,Burlingame,"C,H",http://goo.gl/maps/POKC9,,2013-07-24 02:08:43 UTC,2013-07-24 02:08:43 UTC
165,"Tuesday, 	5:00 PM",LIVING SOBER/HAPPY HOUR,Methodist Church	560 El Camino- ent. Rear,San Bruno ,"H,L",http://goo.gl/maps/BFE2J,,2013-07-24 02:08:43 UTC,2013-07-24 02:08:43 UTC
168,"Sunday, 	7:30 PM",COASTSIDE TALKERS,Methodist Church	777 Miramontes,Half Moon Bay ,,http://goo.gl/maps/LWpVR,,2013-07-24 02:08:43 UTC,2013-07-24 02:08:43 UTC
236,"Monday, 	6:00 PM",Men's Topic Discussion,San Carlos Peninsula Fellowship  1133 Eaton Ave. Upstairs,San Carlos,"D,H,M",http://goo.gl/maps/PT4Cs,,2013-07-24 02:08:44 UTC,2013-07-24 02:08:44 UTC
263,"Thursday, 	7:30 PM",HMB THURS NITE WOMEN'S MTG,Shoreline Station	225 S. Cabrillo Hwy Rm101-C,Half Moon Bay ,"C,W,",http://goo.gl/maps/2d783,,2013-07-24 02:08:44 UTC,2013-07-24 02:08:44 UTC
184,"Wednesday, 	12:00 PM",SENIOR FOCUS,New Life Community Church  1430 Palm Drive -- enter on El Camino Real,Burlingame,"D,H,SP,Wh",http://goo.gl/maps/POKC9,,2013-07-24 02:08:43 UTC,2013-07-24 02:08:43 UTC
228,"Saturday, 	4:30 PM",Discussion,San Carlos Peninsula Fellowship  1133 Eaton Ave. Upstairs,San Carlos,H,http://goo.gl/maps/PT4Cs,,2013-07-24 02:08:44 UTC,2013-07-24 02:08:44 UTC
81,"Wednesday, 	7:00 AM",THE WAKE UP GROUP,Baptist Church  2070 Francisco Blvd.,Pacifica,,http://goo.gl/maps/lJm82,,2013-07-24 02:08:43 UTC,2013-07-24 02:08:43 UTC
274,"Sunday, 	6:00 PM",SUN SUNDOWNERS,St. Andrew's Church  15th Ave. & El Camino,San Mateo,,http://goo.gl/maps/FvbmL,,2013-07-24 02:08:44 UTC,2013-07-24 02:08:44 UTC
330,"Thursday, 	12:00 PM",Thu Nooner,WBAC - West Bay Fellowship - Phone: (650) 756-3322   7324 Mission Street,Daly City,"D,H,L",http://goo.gl/maps/pxPLF,,2013-07-24 02:08:44 UTC,2013-07-24 02:08:44 UTC
37,"Friday, 	7:30 PM",Grupo Hispano,3120 Spring St.,Redwood City,E,http://goo.gl/maps/KsRYG,,2013-07-24 02:08:43 UTC,2013-07-24 02:08:43 UTC
241,"Monday, 	4:30 PM",Speaker/Discussion,San Carlos Peninsula Fellowship  1133 Eaton Ave. Upstairs,San Carlos,H,http://goo.gl/maps/PT4Cs,,2013-07-24 02:08:44 UTC,2013-07-24 02:08:44 UTC
137,"Tuesday, 	7:00 PM",STEPS TO FREEDOM,Holy Trinity Church	Cedar & Manzanita,San Carlos,"H,SP,L,Wh",http://goo.gl/maps/9O5FX,,2013-07-24 02:08:43 UTC,2013-07-24 02:08:43 UTC
110,"Sunday, 	7:00 PM",FOSTER CITY MEN’S SHARING GROUP,FC Rec Center 650 SHELL BL,Foster City,C,http://goo.gl/maps/0cs97,,2013-07-24 02:08:43 UTC,2013-07-24 02:08:43 UTC
314,"Saturday, 	6:00 PM",Committed Now,WBAC - West Bay Fellowship - Phone: (650) 756-3322   7324 Mission Street,Daly City,H,http://goo.gl/maps/pxPLF,,2013-07-24 02:08:44 UTC,2013-07-24 02:08:44 UTC
52,"Sunday, 	12:00 PM",Grupo Geneva,5520 Mission @ Guttenberg,Daly City,E,http://goo.gl/maps/Pbqkl,,2013-07-24 02:08:43 UTC,2013-07-24 02:08:43 UTC
238,"Saturday, 	Midnight ",SATURDAY NITE LIVE,San Carlos Peninsula Fellowship  1133 Eaton Ave. Upstairs,San Carlos,,http://goo.gl/maps/PT4Cs,,2013-07-24 02:08:44 UTC,2013-07-24 02:08:44 UTC
132,"Tuesday, 	8:00 PM",HMB TUES NIGHT GROUP,Holy Family Episcopal Church	1590 S. Cabrillo Hwy,Half Moon Bay ,,http://goo.gl/maps/j4zSy,,2013-07-24 02:08:43 UTC,2013-07-24 02:08:43 UTC
204,"Friday, 	7:30 PM",DON’T DRINK & GO TO MEETINGS,Redeemer Lutheran Church  468 Grand,Redwood City,,http://goo.gl/maps/ft5wh,,2013-07-24 02:08:44 UTC,2013-07-24 02:08:44 UTC
50,"Saturday, 	12:00 PM",Grupo 29 De Mayo,405 Grand Ave. Suite 205,South SF,E,http://goo.gl/maps/bmHbr,,2013-07-24 02:08:43 UTC,2013-07-24 02:08:43 UTC
164,"Monday, 	5:00 PM",HAPPY HOUR GROUP,Methodist Church	560 El Camino- ent. Rear,San Bruno ,"D,H,SP,",http://goo.gl/maps/BFE2J,,2013-07-24 02:08:43 UTC,2013-07-24 02:08:43 UTC
234,"Sunday, 	9:00 AM",MEDITATION,San Carlos Peninsula Fellowship  1133 Eaton Ave. Upstairs,San Carlos,H,http://goo.gl/maps/PT4Cs,,2013-07-24 02:08:44 UTC,2013-07-24 02:08:44 UTC
293,"Saturday, 	10:00 AM",COME AS YOU ARE-Big Book Disc,St. Roberts 349 Oak Ave at Dababneh (Mahoney Rm. behind Convent),San Bruno ,,http://goo.gl/maps/4rLpr,,2013-07-24 02:08:44 UTC,2013-07-24 02:08:44 UTC
272,"Sunday, 	9:30 AM",HAM & EGGERS,St. Andrew's Church  1600 Santa Lucia – Lower Social Rm,San Bruno ,"H,Wh",http://goo.gl/maps/YyqUx,,2013-07-24 02:08:44 UTC,2013-07-24 02:08:44 UTC
79,"Monday, 	7:00 AM",THE WAKE UP GROUP,Baptist Church  2070 Francisco Blvd.,Pacifica,,http://goo.gl/maps/lJm82,,2013-07-24 02:08:43 UTC,2013-07-24 02:08:43 UTC
111,"Saturday, 	10:00 AM",FOSTER CITY WOMEN’S MEETING,FC Rec Center 650 SHELL BL - Mist Rm,Foster City,W,http://goo.gl/maps/0cs97,,2013-07-24 02:08:43 UTC,2013-07-24 02:08:43 UTC
49,"Friday, 	8:00 PM",Grupo 29 De Mayo,405 Grand Ave. Suite 205,South SF,E,http://goo.gl/maps/bmHbr,,2013-07-24 02:08:43 UTC,2013-07-24 02:08:43 UTC
170,"Wednesday, 	5:00 PM",EXPERIENCE-STRENGTH-HOPE,Methodist Church  560 El Camino-enter rear,San Bruno ,"H,L",http://goo.gl/maps/BFE2J,,2013-07-24 02:08:43 UTC,2013-07-24 02:08:43 UTC
301,"Wednesday, 	8:00 PM",STEP STUDY GROUP,Unitarian Universalist Church	2124 Brewster,Redwood City,"H,L,Wh",http://goo.gl/maps/gvXYc,,2013-07-24 02:08:44 UTC,2013-07-24 02:08:44 UTC
148,"Thursday, 	8:00 PM",MIDWAY SOUTH SF GROUP ,Kaiser Hospital 1200 El Camino,South SF,"H,Wh",http://goo.gl/maps/ceZpw,,2013-07-24 02:08:43 UTC,2013-07-24 02:08:43 UTC
163,"Thursday, 	10:00 AM",WOMEN’S HOME GROUP,Meeting rotates- for location call: 577-1310 - Meeting rotates -- for location call: 577-1310,Mid-Peninsula,"C,W,",,,2013-07-24 02:08:43 UTC,2013-07-24 02:08:43 UTC
20,"Friday, 	7:00 PM",Tres Legados,171 5th Av. #210,Redwood City,E,http://goo.gl/maps/9X1Zd,,2013-07-24 02:08:43 UTC,2013-07-24 02:08:43 UTC
187,"Sunday, 	8:00 PM",Vivendo en Sobriedad,Oscar's Casa	721 N. Amphlett- 271-1403,San Mateo,E,http://goo.gl/maps/bnSxs,,2013-07-24 02:08:44 UTC,2013-07-24 02:08:44 UTC
19,"Wednesday, 	7:00 PM",Tres Legados,171 5th Av. #210,Redwood City,E,http://goo.gl/maps/9X1Zd,,2013-07-24 02:08:43 UTC,2013-07-24 02:08:43 UTC
61,"Thursday, 	8:00 PM",Grupo Geneva,5520 Mission @ Guttenberg,Daly City,E,http://goo.gl/maps/Pbqkl,,2013-07-24 02:08:43 UTC,2013-07-24 02:08:43 UTC
72,"Saturday, 	7:00 PM",Central de RWC,640 Hurlingame ,Redwood City,E,http://goo.gl/maps/xDXgn,,2013-07-24 02:08:43 UTC,2013-07-24 02:08:43 UTC
80,"Tuesday, 	7:00 AM",THE WAKE UP GROUP,Baptist Church  2070 Francisco Blvd.,Pacifica,,http://goo.gl/maps/lJm82,,2013-07-24 02:08:43 UTC,2013-07-24 02:08:43 UTC
133,"Friday, 	12:00 PM",FRIDAY NOON WOMENS GROUP,Holy Trinity Ch.	330 Ravenswood & Laurel,Menlo Park,"C,W,H",http://goo.gl/maps/N16Q9,,2013-07-24 02:08:43 UTC,2013-07-24 02:08:43 UTC
162,"Friday, 	6:30 PM",YP Traveling Meeting,Meet at Starbucks	 17th & El Camino,San Mateo,YP,http://goo.gl/maps/bcs3x,,2013-07-24 02:08:43 UTC,2013-07-24 02:08:43 UTC
304,"Tuesday, 	7:00 PM",BACK TO BASICS,VA Hospital  795 Willow Rd. Bldg. 347,Menlo Park,,http://goo.gl/maps/hd5DI,,2013-07-24 02:08:44 UTC,2013-07-24 02:08:44 UTC
218,"Saturday, 	7:30 PM",Big Book Study,San Carlos Peninsula Fellowship  1133 Eaton Ave. Upstairs,San Carlos,H,http://goo.gl/maps/PT4Cs,,2013-07-24 02:08:44 UTC,2013-07-24 02:08:44 UTC
2,"Sunday, 	6:30 PM",Sendero De Vida,102 Broadway,Redwood City,E,http://goo.gl/maps/HrGHh,,2013-07-24 02:08:43 UTC,2013-07-24 02:08:43 UTC
45,"Wednesday, 	8:00 PM",Grupo 29 De Mayo,405 Grand Ave. Suite 205,South SF,E,http://goo.gl/maps/bmHbr,,2013-07-24 02:08:43 UTC,2013-07-24 02:08:43 UTC
205,"Monday, 	7:30 PM",MON NIGHT FIRESIDE CHAT GROUP,Redeemer Lutheran Church  468 Grand,Redwood City,"H,Wh",http://goo.gl/maps/ft5wh,,2013-07-24 02:08:44 UTC,2013-07-24 02:08:44 UTC
143,"Tuesday, 	7:30 PM",ESTO ES AA,Iglesia San Timoteo	1515 Dolan Ave,San Mateo,E,http://goo.gl/maps/P94Hk,,2013-07-24 02:08:43 UTC,2013-07-24 02:08:43 UTC
210,"Saturday, 	10:00 PM",11th Step Tropical Meditation,San Carlos Peninsula Fellowship  1133 Eaton Ave. Upstairs,San Carlos,H,http://goo.gl/maps/PT4Cs,,2013-07-24 02:08:44 UTC,2013-07-24 02:08:44 UTC
233,"Tuesday, 	7:30 PM",Living Sober,San Carlos Peninsula Fellowship  1133 Eaton Ave. Upstairs,San Carlos,H,http://goo.gl/maps/PT4Cs,,2013-07-24 02:08:44 UTC,2013-07-24 02:08:44 UTC
167,"Thursday, 	5:00 PM",TWELVE STEP STUDY GRP,Methodist Church	560 El Camino-ent. Rear,San Bruno ,,http://goo.gl/maps/BFE2J,,2013-07-24 02:08:43 UTC,2013-07-24 02:08:43 UTC
186,"Friday, 	12:00 PM",RAP GROUP,New Life Community Church  1430 Palm Drive -- enter on El Camino Real,Burlingame,"D,H,SP",http://goo.gl/maps/POKC9,,2013-07-24 02:08:44 UTC,2013-07-24 02:08:44 UTC
18,"Tuesday, 	7:00 PM",Tres Legados,171 5th Av. #210,Redwood City,E,http://goo.gl/maps/9X1Zd,,2013-07-24 02:08:43 UTC,2013-07-24 02:08:43 UTC
288,"Saturday, 	8:00 PM",SATURDAY NIGHT DISCUSSION,St. Paul’s Church  405 El Camino Real,Burlingame,"D,H,SP",http://goo.gl/maps/w4SAB,,2013-07-24 02:08:44 UTC,2013-07-24 02:08:44 UTC
324,"Wednesday, 	7:30 PM",Nada Podemos Solos,WBAC - West Bay Fellowship - Phone: (650) 756-3322   7324 Mission Street,Daly City,E,http://goo.gl/maps/pxPLF,,2013-07-24 02:08:44 UTC,2013-07-24 02:08:44 UTC
181,"Monday, 	8:00 PM",12 STEPS STUDY GROUP,New Life Community Church  1430 Palm Drive -- enter on El Camino Real,Burlingame,"H,L",http://goo.gl/maps/POKC9,,2013-07-24 02:08:43 UTC,2013-07-24 02:08:43 UTC
121,"Sunday, 	7:00 AM",Morning Serenity,Friendship Hall 416 2nd Ave.,San Mateo,H,http://goo.gl/maps/tVDW6,,2013-07-24 02:08:43 UTC,2013-07-24 02:08:43 UTC
242,"Thursday, 	7:30 PM",Speaker/Discussion,San Carlos Peninsula Fellowship  1133 Eaton Ave. Upstairs,San Carlos,"D,H,SP,",http://goo.gl/maps/PT4Cs,,2013-07-24 02:08:44 UTC,2013-07-24 02:08:44 UTC
287,"Tuesday, 	4:30 PM",STEPPING THRU THE BIG BOOK,St. Paul's Library 415 El Camino Real ,Burlingame,"H,L",http://goo.gl/maps/w4SAB,,2013-07-24 02:08:44 UTC,2013-07-24 02:08:44 UTC
140,"Monday, 	7:00 PM",MEN'S R4D BB and 12+12 Step Study,Holy Trinity Church (in Library)	Ravenswood & Pine,Menlo Park,"H,L,M",http://goo.gl/maps/N16Q9,,2013-07-24 02:08:43 UTC,2013-07-24 02:08:43 UTC
34,"Tuesday, 	7:30 PM",Grupo Hispano,3120 Spring St.,Redwood City,E,http://goo.gl/maps/KsRYG,,2013-07-24 02:08:43 UTC,2013-07-24 02:08:43 UTC
243,"Saturday, 	7:00 AM",Speaker/Discussion,San Carlos Peninsula Fellowship  1133 Eaton Ave. Upstairs,San Carlos,H,http://goo.gl/maps/PT4Cs,,2013-07-24 02:08:44 UTC,2013-07-24 02:08:44 UTC
199,"Thursday, 	12:00 PM",MENLO PARK MEN'S GRP.,"Presby. Church	1111 University Drive, Room D",Menlo Park,"C,H",http://goo.gl/maps/01aW6,,2013-07-24 02:08:44 UTC,2013-07-24 02:08:44 UTC
212,"Tuesday, 	12:00 PM",As Bill Sees It,San Carlos Peninsula Fellowship  1133 Eaton Ave. Upstairs,San Carlos,H,http://goo.gl/maps/PT4Cs,,2013-07-24 02:08:44 UTC,2013-07-24 02:08:44 UTC
151,"Tuesday, 	7:30 PM",CHIPS AHOY',Ladera Comm. Church	3300 Alpine Rd.,Portola Valley ,"C,H,L",http://goo.gl/maps/74mPK,,2013-07-24 02:08:43 UTC,2013-07-24 02:08:43 UTC
98,"Monday, 	7:30 PM",NEWCOMERS & OLDTIMERS,Comm Center	Crespi & Hwy 1,Pacifica,H,http://goo.gl/maps/DqteW,,2013-07-24 02:08:43 UTC,2013-07-24 02:08:43 UTC
302,"Tuesday, 	12:00 PM",12 STEP STUDY,United Methodist Church 450 Chadbourne Rm 101,Millbrae,"H,L",http://goo.gl/maps/xeSpv,,2013-07-24 02:08:44 UTC,2013-07-24 02:08:44 UTC
145,"Friday, 	7:30 PM",ESTO ES AA,Iglesia San Timoteo	1515 Dolan Ave,San Mateo,E,http://goo.gl/maps/P94Hk,,2013-07-24 02:08:43 UTC,2013-07-24 02:08:43 UTC
261,"Monday, 	12:00 PM",DISCUSSION,Shoreline Station	225 S. Cabrillo Hwy Rm101-C,Half Moon Bay ,"D,Wh",http://goo.gl/maps/2d783,,2013-07-24 02:08:44 UTC,2013-07-24 02:08:44 UTC
255,"Friday, 	8:00 PM",PHOENIX GROUP,"Sequoia Hospital, R Floor Conference Room  Whipple & The Alameda",Redwood City,"H,SP,Wh",http://goo.gl/maps/qs8fE,,2013-07-24 02:08:44 UTC,2013-07-24 02:08:44 UTC
87,"Sunday, 	11:00 AM",BRISBANE BREAKFAST MEETING,Brisbane Com Ctr 250 Visitation Ave.,Brisbane,"H,SP,Wh",http://goo.gl/maps/1IIuv,,2013-07-24 02:08:43 UTC,2013-07-24 02:08:43 UTC
136,"Sunday, 	5:00 PM",SOBER SUNDAYS,Holy Trinity Church	Cedar & Manzanita,San Carlos,"D,H",http://goo.gl/maps/9O5FX,,2013-07-24 02:08:43 UTC,2013-07-24 02:08:43 UTC
296,"Wednesday, 	7:30 PM",PACIFICA WOMEN'S MEETING,Terra Nova Church Ctr.	1125 Terra Nova,Pacifica,"C,W,",http://goo.gl/maps/gdaEr,,2013-07-24 02:08:44 UTC,2013-07-24 02:08:44 UTC
189,"Tuesday, 	8:00 PM",Vivendo en Sobriedad,Oscar's Casa	721 N. Amphlett- 271-1403,San Mateo,E,http://goo.gl/maps/bnSxs,,2013-07-24 02:08:44 UTC,2013-07-24 02:08:44 UTC
323,"Monday, 	7:30 PM",Nada Podemos Solos,WBAC - West Bay Fellowship - Phone: (650) 756-3322   7324 Mission Street,Daly City,E,http://goo.gl/maps/pxPLF,,2013-07-24 02:08:44 UTC,2013-07-24 02:08:44 UTC
112,"Thursday, 	12:00 PM",CAME TO BELIEVE GROUP,Free at Last-bldg 3  1796 Bay Rd.,East Palo Alto,,http://goo.gl/maps/eHzVH,,2013-07-24 02:08:43 UTC,2013-07-24 02:08:43 UTC
35,"Wednesday, 	7:30 PM",Grupo Hispano,3120 Spring St.,Redwood City,E,http://goo.gl/maps/KsRYG,,2013-07-24 02:08:43 UTC,2013-07-24 02:08:43 UTC
99,"Monday, 	5:30 PM",Foster City Living Sober Group,Community Center 1000 E. Hillsdale - 2nd Fl.,Foster City,"D,H,SP,",http://goo.gl/maps/Kf3xI,,2013-07-24 02:08:43 UTC,2013-07-24 02:08:43 UTC
1,"Saturday, 	12:00 PM",Grupo Geneva,71 Templeton Ave.,Daly City,E,http://goo.gl/maps/k4GbE,,2013-07-24 02:08:43 UTC,2013-07-24 02:08:43 UTC
17,"Sunday, 	7:00 PM",Tres Legados,171 5th Av. #210,Redwood City,E,http://goo.gl/maps/9X1Zd,,2013-07-24 02:08:43 UTC,2013-07-24 02:08:43 UTC
63,"Friday, 	8:00 PM",Grupo Geneva,5520 Mission @ Guttenberg,Daly City,E,http://goo.gl/maps/Pbqkl,,2013-07-24 02:08:43 UTC,2013-07-24 02:08:43 UTC
40,"Monday, 	12:00 PM",Grupo 29 De Mayo,405 Grand Ave. Suite 205,South SF,E,http://goo.gl/maps/bmHbr,,2013-07-24 02:08:43 UTC,2013-07-24 02:08:43 UTC
78,"Saturday, 	11:00 AM",SHARP PARK 3rd & 11th STEP,Baptist Church  2070 Francisco Blvd.,Pacifica,"H,L",http://goo.gl/maps/lJm82,,2013-07-24 02:08:43 UTC,2013-07-24 02:08:43 UTC
215,"Sunday, 	4:30 PM",Big Book Study,San Carlos Peninsula Fellowship  1133 Eaton Ave. Upstairs,San Carlos,H,http://goo.gl/maps/PT4Cs,,2013-07-24 02:08:44 UTC,2013-07-24 02:08:44 UTC
91,"Friday, 	12:00 PM",FRIDAY NOON BOOK STUDY,Central Peninsula Church 1005 Shell Blvd,Foster City,"H,L",http://goo.gl/maps/hJRr0,,2013-07-24 02:08:43 UTC,2013-07-24 02:08:43 UTC
131,"Friday, 	7:30 PM",PEDRO VALLEY SPEAKER DISCUSSION,Holy Cross Lutheran Church  1165 Seville,Pacifica,"DSP,Wh",http://goo.gl/maps/ig7HA,,2013-07-24 02:08:43 UTC,2013-07-24 02:08:43 UTC
196,"Friday, 	6:00 PM",GOLDEN GATE SOUTH GROUP,Pacifica Comm. Center	  540 Crespi Dr.,Pacifica,"H,Wh",http://goo.gl/maps/DqteW,,2013-07-24 02:08:44 UTC,2013-07-24 02:08:44 UTC
311,"Friday, 	12:00 PM",Brown Baggers,WBAC - West Bay Fellowship - Phone: (650) 756-3322   7324 Mission Street,Daly City,"D,H,L",http://goo.gl/maps/pxPLF,,2013-07-24 02:08:44 UTC,2013-07-24 02:08:44 UTC
245,"Sunday, 	7:30 PM",Speaker/Discussion.,San Carlos Peninsula Fellowship  1133 Eaton Ave. Upstairs,San Carlos,H,http://goo.gl/maps/PT4Cs,,2013-07-24 02:08:44 UTC,2013-07-24 02:08:44 UTC
286,"Sunday, 	7:00 PM",SAN BRUNO GROUP,St. John’s Church Hall	Sylvan & Mastick,San Bruno ,Wh,http://goo.gl/maps/cHyjx,,2013-07-24 02:08:44 UTC,2013-07-24 02:08:44 UTC
244,"Saturday, 	6:00 PM",Speaker/Discussion,San Carlos Peninsula Fellowship  1133 Eaton Ave. Upstairs,San Carlos,H,http://goo.gl/maps/PT4Cs,,2013-07-24 02:08:44 UTC,2013-07-24 02:08:44 UTC
217,"Friday, 	12:00 PM",Big Book Study,San Carlos Peninsula Fellowship  1133 Eaton Ave. Upstairs,San Carlos,H,http://goo.gl/maps/PT4Cs,,2013-07-24 02:08:44 UTC,2013-07-24 02:08:44 UTC
83,"Friday, 	7:00 AM",THE WAKE UP GROUP,Baptist Church  2070 Francisco Blvd.,Pacifica,,http://goo.gl/maps/lJm82,,2013-07-24 02:08:43 UTC,2013-07-24 02:08:43 UTC
185,"Monday, 	12:00 PM",JUST FOR TODAY,New Life Community Church  1430 Palm Drive -- enter on El Camino Real,Burlingame,"H,Wh",http://goo.gl/maps/POKC9,,2013-07-24 02:08:44 UTC,2013-07-24 02:08:44 UTC
33,"Monday, 	7:30 PM",Grupo Hispano,3120 Spring St.,Redwood City,E,http://goo.gl/maps/KsRYG,,2013-07-24 02:08:43 UTC,2013-07-24 02:08:43 UTC
60,"Thursday, 	12:00 PM",Grupo Geneva,5520 Mission @ Guttenberg,Daly City,E,http://goo.gl/maps/Pbqkl,,2013-07-24 02:08:43 UTC,2013-07-24 02:08:43 UTC
109,"Sunday, 	11:30 AM",GRUPO LIBERDAD,Fairmont Rec. Ctr.	649 Park View Circle (off Hickey),Pacifica,E,http://goo.gl/maps/Md4O1,,2013-07-24 02:08:43 UTC,2013-07-24 02:08:43 UTC
237,"Friday, 	10:00 PM",Nite Owl,San Carlos Peninsula Fellowship  1133 Eaton Ave. Upstairs,San Carlos,H,http://goo.gl/maps/PT4Cs,,2013-07-24 02:08:44 UTC,2013-07-24 02:08:44 UTC
47,"Thursday, 	8:00 PM",Grupo 29 De Mayo,405 Grand Ave. Suite 205,South SF,E,http://goo.gl/maps/bmHbr,,2013-07-24 02:08:43 UTC,2013-07-24 02:08:43 UTC
75,"Thursday, 	7:30 PM",GRAPEVINE RECOVERY,Baptist Church  2070 Francisco Blvd.,Pacifica,L,http://goo.gl/maps/lJm82,,2013-07-24 02:08:43 UTC,2013-07-24 02:08:43 UTC
43,"Tuesday, 	8:00 PM",Grupo 29 De Mayo,405 Grand Ave. Suite 205,South SF,E,http://goo.gl/maps/bmHbr,,2013-07-24 02:08:43 UTC,2013-07-24 02:08:43 UTC
169,"Tuesday, 	6:00 PM",WOMENS 12 STEP STUDY,"Methodist Church	777 Miramontes, 2nd floor in San Pedro Ridge Room",Half Moon Bay ,"W,L",http://goo.gl/maps/LWpVR,,2013-07-24 02:08:43 UTC,2013-07-24 02:08:43 UTC
246,"Thursday, 	12:00 PM",Step Study,San Carlos Peninsula Fellowship  1133 Eaton Ave. Upstairs,San Carlos,"W,H",http://goo.gl/maps/PT4Cs,,2013-07-24 02:08:44 UTC,2013-07-24 02:08:44 UTC
270,"Wednesday, 	7:30 PM",A FRESH START,St. Ambrose Church	Beachpark & Edgewater,Foster City,"H,YP,",http://goo.gl/maps/Jntaz,,2013-07-24 02:08:44 UTC,2013-07-24 02:08:44 UTC
31,"Sunday, 	9:00 AM",UN DIA A LA VEZ,225 S. Cabrillo Hwy Rm200A,Half Moon Bay ,E,http://goo.gl/maps/RjMcp,,2013-07-24 02:08:43 UTC,2013-07-24 02:08:43 UTC
11,"Sunday, 	8:00 PM",SUNDAY SPECIAL-AS BILL SEES IT,139 Primrose at Howard,Burlingame,H,http://goo.gl/maps/X1hwU,,2013-07-24 02:08:43 UTC,2013-07-24 02:08:43 UTC
107,"Friday, 	7:30 PM",HIGHLANDERS,Crystal Springs Methodist Church 2145 Bunker Hill Dr.,San Mateo,"H,Wh",http://goo.gl/maps/41h0p,,2013-07-24 02:08:43 UTC,2013-07-24 02:08:43 UTC
235,"Sunday, 	2:00 PM",Meditation/Discussion,San Carlos Peninsula Fellowship  1133 Eaton Ave. Upstairs,San Carlos,H,http://goo.gl/maps/PT4Cs,,2013-07-24 02:08:44 UTC,2013-07-24 02:08:44 UTC
310,"Tuesday, 	12:00 PM",Brown Baggers,WBAC - West Bay Fellowship - Phone: (650) 756-3322   7324 Mission Street,Daly City,,http://goo.gl/maps/pxPLF,,2013-07-24 02:08:44 UTC,2013-07-24 02:08:44 UTC
25,"Monday, 	6:00 PM",Oportunidad de Vivir,2151 Euclid,East Palo Alto,E,http://goo.gl/maps/R1oUH,,2013-07-24 02:08:43 UTC,2013-07-24 02:08:43 UTC
319,"Tuesday, 	8:00 PM",Language of the Heart,WBAC - West Bay Fellowship - Phone: (650) 756-3322   7324 Mission Street,Daly City,"D,H,SP,",http://goo.gl/maps/pxPLF,,2013-07-24 02:08:44 UTC,2013-07-24 02:08:44 UTC
262,"Thursday, 	6:00 PM",HMB HAPPY HOUR,Shoreline Station	225 S. Cabrillo Hwy Rm101-C,Half Moon Bay ,H,http://goo.gl/maps/2d783,,2013-07-24 02:08:44 UTC,2013-07-24 02:08:44 UTC
239,"Friday, 	7:30 PM",Speaker Meeting,San Carlos Peninsula Fellowship  1133 Eaton Ave. Upstairs,San Carlos,H,http://goo.gl/maps/PT4Cs,,2013-07-24 02:08:44 UTC,2013-07-24 02:08:44 UTC
4,"Tuesday, 	6:30 PM",Sendero De Vida,103 Broadway,Redwood City,E,http://goo.gl/maps/HrGHh,,2013-07-24 02:08:43 UTC,2013-07-24 02:08:43 UTC
307,"Monday, 	7:00 PM",As Bill Sees It,WBAC - West Bay Fellowship - Phone: (650) 756-3322   7324 Mission Street,Daly City,H,http://goo.gl/maps/pxPLF,,2013-07-24 02:08:44 UTC,2013-07-24 02:08:44 UTC
8,"Saturday, 	6:30 PM",Sendero De Vida,103 Broadway,Redwood City,E,http://goo.gl/maps/HrGHh,,2013-07-24 02:08:43 UTC,2013-07-24 02:08:43 UTC
257,"Friday, 	7:30 PM",HELPING HAND GROUP,"Seton Med. Ctr	""1900 Sullivan-Dr. Conf. Rm., 2nd floor""",Daly City,"D,L,Wh",http://goo.gl/maps/001qh,,2013-07-24 02:08:44 UTC,2013-07-24 02:08:44 UTC
51,"Saturday, 	8:00 PM",Grupo 29 De Mayo,405 Grand Ave. Suite 205,South SF,E,http://goo.gl/maps/bmHbr,,2013-07-24 02:08:43 UTC,2013-07-24 02:08:43 UTC
278,"Saturday, 	9:00 AM",SATURDAY MORNING SANDHILL,St. Bede’s Church 2650 Sandhill Road,Menlo Park,"H,Wh",http://goo.gl/maps/ws7mc,,2013-07-24 02:08:44 UTC,2013-07-24 02:08:44 UTC
295,"Tuesday, 	7:30 PM",Big Book Study,Terra Nova Church Ctr.	1125 Terra Nova,Pacifica,"C,L",http://goo.gl/maps/gdaEr,,2013-07-24 02:08:44 UTC,2013-07-24 02:08:44 UTC
54,"Monday, 	12:00 PM",Grupo Geneva,5520 Mission @ Guttenberg,Daly City,E,http://goo.gl/maps/Pbqkl,,2013-07-24 02:08:43 UTC,2013-07-24 02:08:43 UTC
68,"Tuesday, 	7:00 PM",Central de RWC,640 Hurlingame ,Redwood City,E,http://goo.gl/maps/xDXgn,,2013-07-24 02:08:43 UTC,2013-07-24 02:08:43 UTC
103,"Friday, 	5:30 PM",Foster City Living Sober Group,Community Center 1000 E. Hillsdale - 2nd Fl.,Foster City,"D,H,L",http://goo.gl/maps/Kf3xI,,2013-07-24 02:08:43 UTC,2013-07-24 02:08:43 UTC
141,"Friday, 	7:30 PM",FIRESIDE GROUP,Hope Lutheran Church	 42nd & The Alameda,San Mateo,"H,SP,Wh",http://goo.gl/maps/NHBb4,,2013-07-24 02:08:43 UTC,2013-07-24 02:08:43 UTC
250,"Wednesday, 	10:30 PM",Women's Daily Reflections,San Carlos Peninsula Fellowship  1133 Eaton Ave. Upstairs,San Carlos,"D,H,W",http://goo.gl/maps/PT4Cs,,2013-07-24 02:08:44 UTC,2013-07-24 02:08:44 UTC
200,"Wednesday, 	12:00 PM",ATHERTON GROUP,Menlo Park Presbyterian Church 950 University Drive / Building D / Room 11,Menlo Park,"C,",http://goo.gl/maps/01aW6,,2013-07-24 02:08:44 UTC,2013-07-24 02:08:44 UTC
23,"Sunday, 	7:30 PM",SUNDAY NITE DISCUSSION,1st Presby Church El Camino & Easton,Burlingame,H,http://goo.gl/maps/HVP0X,,2013-07-24 02:08:43 UTC,2013-07-24 02:08:43 UTC
173,"Saturday, 	7:30 PM",Conscious Contact Group,Mills Health Center	100 S. San Mateo Dr.lower level in Saidy Room,San Mateo,,http://goo.gl/maps/1rMDe,,2013-07-24 02:08:43 UTC,2013-07-24 02:08:43 UTC
157,"Monday, 	12:00 PM",PACIFICA DISCUSSION,Library Palmetto & Hilton (street parking only),Pacifica,"C,D,H",http://goo.gl/maps/C0m1O,,2013-07-24 02:08:43 UTC,2013-07-24 02:08:43 UTC
290,"Thursday, 	8:00 PM",BURLINGAME MEN’S GROUP,St. Paul’s Church  415 El Camino Real ,Burlingame,"C,D",http://goo.gl/maps/w4SAB,,2013-07-24 02:08:44 UTC,2013-07-24 02:08:44 UTC
7,"Friday, 	6:30 PM",Sendero De Vida,103 Broadway,Redwood City,E,http://goo.gl/maps/HrGHh,,2013-07-24 02:08:43 UTC,2013-07-24 02:08:43 UTC
97,"Sunday, 	9:00 AM",3RD & 11TH STEP,Coastal Repertory Theater 1167 Main Street,Half Moon Bay ,"H,L",http://goo.gl/maps/GoF7o,,2013-07-24 02:08:43 UTC,2013-07-24 02:08:43 UTC
116,"Tuesday, 	7:00 AM",Morning Serenity,Friendship Hall  416 2nd Ave,San Mateo,H,http://goo.gl/maps/tVDW6,,2013-07-24 02:08:43 UTC,2013-07-24 02:08:43 UTC
138,"Saturday, 	5:00 PM",WOMEN’S DISCUSSION,Holy Trinity Church	Cedar & Manzanita (NEW LOCATION),San Carlos,"W,D,H,L",http://goo.gl/maps/9O5FX,,2013-07-24 02:08:43 UTC,2013-07-24 02:08:43 UTC
269,"Thursday, 	6:30 PM",A VISION FOR YOU,"St . Pius Church  1100 Woodside Rd, Rm 4  ",Redwood City,L,http://goo.gl/maps/MkNf7,,2013-07-24 02:08:44 UTC,2013-07-24 02:08:44 UTC
44,"Wednesday, 	12:00 PM",Grupo 29 De Mayo,405 Grand Ave. Suite 205,South SF,E,http://goo.gl/maps/bmHbr,,2013-07-24 02:08:43 UTC,2013-07-24 02:08:43 UTC
46,"Thursday, 	12:00 PM",Grupo 29 De Mayo,405 Grand Ave. Suite 205,South SF,E,http://goo.gl/maps/bmHbr,,2013-07-24 02:08:43 UTC,2013-07-24 02:08:43 UTC
176,"Wednesday, 	7:30 PM",HILLSBOROUGH GROUP-new location Eff. 7/3,Mills Health Center  100 S. San Mateo Dr.lower level in Saidy Room,San Mateo,"H,Wh",http://goo.gl/maps/1rMDe,,2013-07-24 02:08:43 UTC,2013-07-24 02:08:43 UTC
214,"Wednesday, 	7:30 PM",Beginners ,San Carlos Peninsula Fellowship  1133 Eaton Ave. Upstairs,San Carlos,"H,B,",http://goo.gl/maps/PT4Cs,,2013-07-24 02:08:44 UTC,2013-07-24 02:08:44 UTC
334,"Thursday, 	7:00 PM",SAN MATEO -AS BILL SEES IT,Western Hills Church   3399 CSM Drive (New Location!),San Mateo,"H,L",http://goo.gl/maps/2BWxY,,2013-07-24 02:08:44 UTC,2013-07-24 02:08:44 UTC
195,"Thursday, 	4:15 PM",OYSTER POINT DISCUSSION,Oyster Point Yacht Club   Marina,South SF,"D,H",http://goo.gl/maps/YvfWm,,2013-07-24 02:08:44 UTC,2013-07-24 02:08:44 UTC
222,"Wednesday, 	7:00 AM",Daily Reflection Discussion,San Carlos Peninsula Fellowship  1133 Eaton Ave. Upstairs,San Carlos,"D,H,L",http://goo.gl/maps/PT4Cs,,2013-07-24 02:08:44 UTC,2013-07-24 02:08:44 UTC
197,"Monday, 	7:00 PM",SHARING CHOICES,Peninsula Medical Center	1501 Trousdale Conference Room H,Burlingame,"W,H",http://goo.gl/maps/MQP4I,,2013-07-24 02:08:44 UTC,2013-07-24 02:08:44 UTC
275,"Sunday, 	7:00 PM",SIMPLY SPEAKING,St. Andrew's Church  1600 Santa Lucia,San Bruno ,"D,H",http://goo.gl/maps/YyqUx,,2013-07-24 02:08:44 UTC,2013-07-24 02:08:44 UTC
147,"Saturday, 	8:00 PM",THE SEWER GROUP,"Kaiser Hospital 	1150 Veterans Bl., Cyprus Bldg. Conf. Rom 2",Redwood City,"D,H,Wh",http://goo.gl/maps/eHcXL,,2013-07-24 02:08:43 UTC,2013-07-24 02:08:43 UTC
201,"Tuesday, 	12:00 PM",BOOK WORM GROUP,Menlo Park Presbyterian Church 950 University Drive / Building D / Room 10,Menlo Park,"H,L,Wh",http://goo.gl/maps/01aW6,,2013-07-24 02:08:44 UTC,2013-07-24 02:08:44 UTC
146,"Friday, 	8:00 PM",FRIDAY NIGHT ACCEPTANCE GROUP,Kaiser Hospital  1200 El Camino-2nd Fl,South SF,"D,SP,Wh",http://goo.gl/maps/ceZpw,,2013-07-24 02:08:43 UTC,2013-07-24 02:08:43 UTC
279,"Thursday, 	12:00 PM",WOMENS STEP STUDY GROUP,St. Bede’s Church 2650 Sandhill Road,Menlo Park,"C,W,H,L",http://goo.gl/maps/ws7mc,,2013-07-24 02:08:44 UTC,2013-07-24 02:08:44 UTC
28,"Thursday, 	7:00 PM",Oportunidad de Vivir,2151 Euclid,East Palo Alto,E,http://goo.gl/maps/R1oUH,,2013-07-24 02:08:43 UTC,2013-07-24 02:08:43 UTC
12,"Tuesday, 	8:00 PM",12 + 12 FRIENDSHIP GROUP,"139 Primrose at Howard, Next to Primrose Center",Burlingame,H,http://goo.gl/maps/X1hwU,,2013-07-24 02:08:43 UTC,2013-07-24 02:08:43 UTC
48,"Friday, 	12:00 PM",Grupo 29 De Mayo,405 Grand Ave. Suite 205,South SF,E,http://goo.gl/maps/bmHbr,,2013-07-24 02:08:43 UTC,2013-07-24 02:08:43 UTC
55,"Monday, 	8:00 PM",Grupo Geneva,5520 Mission @ Guttenberg,Daly City,E,http://goo.gl/maps/Pbqkl,,2013-07-24 02:08:43 UTC,2013-07-24 02:08:43 UTC
82,"Thursday, 	7:00 AM",THE WAKE UP GROUP,Baptist Church  2070 Francisco Blvd.,Pacifica,,http://goo.gl/maps/lJm82,,2013-07-24 02:08:43 UTC,2013-07-24 02:08:43 UTC
332,"Friday, 	7:30 PM",West Bay All Groups,WBAC - West Bay Fellowship - Phone: (650) 756-3322   7324 Mission Street,Daly City,H,http://goo.gl/maps/pxPLF,,2013-07-24 02:08:44 UTC,2013-07-24 02:08:44 UTC
10,"Monday, 	8:00 PM",PEOPLE OF WORTH Big Book Study,139 Primrose at Howard,Burlingame,L,http://goo.gl/maps/X1hwU,,2013-07-24 02:08:43 UTC,2013-07-24 02:08:43 UTC
104,"Friday, 	7:30 PM",WALNUT GROUP,Community Church Arroyo & Elm,San Carlos,"H,Wh",http://goo.gl/maps/qjDr3,,2013-07-24 02:08:43 UTC,2013-07-24 02:08:43 UTC
161,"Monday, 	12:00 PM",LUNCH BUNCH,Martin Luther King Ctr.	725 Monte Diablo,San Mateo,H,http://goo.gl/maps/gvInF,,2013-07-24 02:08:43 UTC,2013-07-24 02:08:43 UTC
231,"Sunday, 	5:45 –7:15",FOURTH STEP WORKSHOP,San Carlos Peninsula Fellowship  1133 Eaton Ave. Upstairs,San Carlos,H,http://goo.gl/maps/PT4Cs,,2013-07-24 02:08:44 UTC,2013-07-24 02:08:44 UTC
65,"Sunday, 	10:30 AM",Daily Reflections,580 Crespi –In back of coffee shop,Pacifica,H,http://goo.gl/maps/o3UFk,,2013-07-24 02:08:43 UTC,2013-07-24 02:08:43 UTC
26,"Tuesday, 	7:00 PM",Oportunidad de Vivir,2151 Euclid,East Palo Alto,E,http://goo.gl/maps/R1oUH,,2013-07-24 02:08:43 UTC,2013-07-24 02:08:43 UTC
3,"Monday, 	6:30 PM",Sendero De Vida,103 Broadway,Redwood City,E,http://goo.gl/maps/HrGHh,,2013-07-24 02:08:43 UTC,2013-07-24 02:08:43 UTC
53,"Sunday, 	8:00 PM",Grupo Geneva,5520 Mission @ Guttenberg,Daly City,E,http://goo.gl/maps/Pbqkl,,2013-07-24 02:08:43 UTC,2013-07-24 02:08:43 UTC
85,"Monday, 	6:00 PM",WOMEN'S Big Book Study,Baptist Church 2070 Francisco Blvd.,Pacifica,"C,W",http://goo.gl/maps/lJm82,,2013-07-24 02:08:43 UTC,2013-07-24 02:08:43 UTC
283,"Monday, 	12:00 PM",SOUTH CITY WOMEN'S DISCUSSION,St. Elizabeth's  280 Country Club Dr.,South SF,"W,D,H,Wh",http://goo.gl/maps/kOblX,,2013-07-24 02:08:44 UTC,2013-07-24 02:08:44 UTC
29,"Friday, 	7:00 PM",Oportunidad de Vivir,2151 Euclid,East Palo Alto,E,http://goo.gl/maps/R1oUH,,2013-07-24 02:08:43 UTC,2013-07-24 02:08:43 UTC
179,"Saturday, 11:00 AM",GRASS ROOTS GROUP - Breakfast 9 AM-Meeting 11 AM,Native Sons Hall  112 Stage Rd,Pescadero,"H,SP,",http://goo.gl/maps/SiwBM,,2013-07-24 02:08:43 UTC,2013-07-24 02:08:43 UTC
225,"Wednesday, 	12:00 PM",Discussion,San Carlos Peninsula Fellowship  1133 Eaton Ave. Upstairs,San Carlos,H,http://goo.gl/maps/PT4Cs,,2013-07-24 02:08:44 UTC,2013-07-24 02:08:44 UTC
333,"Wednesday, 	6:00 PM",WOMEN'S HAPPY HOUR,WBAC - West Bay Fellowship - Phone: (650) 756-3322   7324 Mission Street,Daly City,"W,D,H,L",http://goo.gl/maps/pxPLF,,2013-07-24 02:08:44 UTC,2013-07-24 02:08:44 UTC
15,"Thursday, 	7:00 PM",Tres Legados,"171 5th Av, #210",Redwood City,E,http://goo.gl/maps/9X1Zd,,2013-07-24 02:08:43 UTC,2013-07-24 02:08:43 UTC
331,"Wednesday, 	12:00 PM",Wed High Noon,WBAC - West Bay Fellowship - Phone: (650) 756-3322   7324 Mission Street,Daly City,"D,H,L",http://goo.gl/maps/pxPLF,,2013-07-24 02:08:44 UTC,2013-07-24 02:08:44 UTC
130,"Monday, 	6:00 PM",12 @ 6 GROUP,Holy Cross Lutheran Church  1165 Seville,Pacifica,"C,H,L,Wh",http://goo.gl/maps/ig7HA,,2013-07-24 02:08:43 UTC,2013-07-24 02:08:43 UTC
280,"Friday, 	12:00 PM",JUST DON'T DRINK,St. Elizabeth's  280 Country Club Dr.,South SF,"D,H,Wh",http://goo.gl/maps/kOblX,,2013-07-24 02:08:44 UTC,2013-07-24 02:08:44 UTC
282,"Wednesday, 	7:30 PM",PATHFINDERS GROUP,St. Elizabeth's  280 Country Club Dr.,South SF,"H,SP,Wh",http://goo.gl/maps/kOblX,,2013-07-24 02:08:44 UTC,2013-07-24 02:08:44 UTC
76,"Tuesday, 	5:30 PM",HAPPY HOUR/Living Sober,Baptist Church  2070 Francisco Blvd.,Pacifica,"H,L",http://goo.gl/maps/lJm82,,2013-07-24 02:08:43 UTC,2013-07-24 02:08:43 UTC
260,"Wednesday, 	12:00 PM",Daily Reflections,Shoreline Station	225 S. Cabrillo Hwy Rm101-C,Half Moon Bay ,"D,Wh",http://goo.gl/maps/2d783,,2013-07-24 02:08:44 UTC,2013-07-24 02:08:44 UTC
105,"Wednesday, 	7:30 PM",SAN CARLOS AWARENESS GROUP,Community Church  Arroyo & Elm,San Carlos,"H,Wh",http://goo.gl/maps/qjDr3,,2013-07-24 02:08:43 UTC,2013-07-24 02:08:43 UTC
203,"Friday, 	8:00 PM",MENLO PARK FRIDAY NIGHT,Menlo Park Presbyterian Church 950 University Drive / Building D / Room 10,Menlo Park,,http://goo.gl/maps/01aW6,,2013-07-24 02:08:44 UTC,2013-07-24 02:08:44 UTC
69,"Wednesday, 	7:00 PM",Central de RWC,640 Hurlingame ,Redwood City,E,http://goo.gl/maps/xDXgn,,2013-07-24 02:08:43 UTC,2013-07-24 02:08:43 UTC
328,"Friday, 	7:00 AM",Step Study,WBAC - West Bay Fellowship - Phone: (650) 756-3322   7324 Mission Street,Daly City,L,http://goo.gl/maps/pxPLF,,2013-07-24 02:08:44 UTC,2013-07-24 02:08:44 UTC
71,"Friday, 	7:00 PM",Central de RWC,640 Hurlingame ,Redwood City,E,http://goo.gl/maps/xDXgn,,2013-07-24 02:08:43 UTC,2013-07-24 02:08:43 UTC
190,"Wednesday, 	8:00 PM",Vivendo en Sobriedad,Oscar's Casa	721 N. Amphlett- 271-1403,San Mateo,E,http://goo.gl/maps/bnSxs,,2013-07-24 02:08:44 UTC,2013-07-24 02:08:44 UTC
208,"Saturday, 	10:00 AM",EYE OPENER,San Mateo County General Hospital – 39th & Edison – 2nd floor,San Mateo,Wh,http://goo.gl/maps/ugYuU,,2013-07-24 02:08:44 UTC,2013-07-24 02:08:44 UTC
309,"Monday, 	12:00 PM",Brown Baggers,WBAC - West Bay Fellowship - Phone: (650) 756-3322   7324 Mission Street,Daly City,"D,H,L",http://goo.gl/maps/pxPLF,,2013-07-24 02:08:44 UTC,2013-07-24 02:08:44 UTC
94,"Monday, 	7:00 PM",SAN CARLOS BEGINNERS,"Church of the Epiphany, Main Hall Arroyo & Cedar",San Carlos,H,http://goo.gl/maps/nDA3S,,2013-07-24 02:08:43 UTC,2013-07-24 02:08:43 UTC
247,"Thursday, 	7:00 AM",Steps / Traditions,San Carlos Peninsula Fellowship  1133 Eaton Ave. Upstairs,San Carlos,H,http://goo.gl/maps/PT4Cs,,2013-07-24 02:08:44 UTC,2013-07-24 02:08:44 UTC
230,"Friday, 	6:00 PM",Fabulous Fridays,San Carlos Peninsula Fellowship  1133 Eaton Ave. Upstairs,San Carlos,H,http://goo.gl/maps/PT4Cs,,2013-07-24 02:08:44 UTC,2013-07-24 02:08:44 UTC
39,"Sunday, 	8:00 PM",Grupo 29 De Mayo,405 Grand Ave. Suite 205,South SF,E,http://goo.gl/maps/bmHbr,,2013-07-24 02:08:43 UTC,2013-07-24 02:08:43 UTC
248,"Friday, 	4:30 PM",Tradition Discussion,San Carlos Peninsula Fellowship  1133 Eaton Ave. Upstairs,San Carlos,H,http://goo.gl/maps/PT4Cs,,2013-07-24 02:08:44 UTC,2013-07-24 02:08:44 UTC
88,"Saturday, 	7:30 PM",PENINSULA PRIME TIME,"Burlingame Methodist Church ""Primrose and Howard, enter gate left of 139 Primrose""",Burlingame,"H,Wh",http://goo.gl/maps/iOX63,,2013-07-24 02:08:43 UTC,2013-07-24 02:08:43 UTC
221,"Monday, 	7:00 AM",Crack of Dawn ,San Carlos Peninsula Fellowship  1133 Eaton Ave. Upstairs,San Carlos,H,http://goo.gl/maps/PT4Cs,,2013-07-24 02:08:44 UTC,2013-07-24 02:08:44 UTC
73,"Tuesday, 	7:30 PM",THUMPERS (Big Book Study),901 Madison Av,Redwood City,"L,Wh",http://goo.gl/maps/qiMde,,2013-07-24 02:08:43 UTC,2013-07-24 02:08:43 UTC
267,"Sunday, 	7:30 PM",OPEN DOOR GROUP,St . Pius Church  1100 Woodside Rd. Rm 4,Redwood City,Wh,http://goo.gl/maps/MkNf7,,2013-07-24 02:08:44 UTC,2013-07-24 02:08:44 UTC
135,"Friday, 	7:00 PM",GIFTS OF GRACE WOMEN'S,Holy Trinity Church	Cedar & Manzanita,San Carlos,"W,D,H",http://goo.gl/maps/9O5FX,,2013-07-24 02:08:43 UTC,2013-07-24 02:08:43 UTC
300,"Friday, 	7:00 PM",FOUNDATION STONE GROUP,Unitarian Universalist Church	2124 Brewster,Redwood City,"D,H,SP,Wh",http://goo.gl/maps/gvXYc,,2013-07-24 02:08:44 UTC,2013-07-24 02:08:44 UTC
32,"Sunday, 	7:30 PM",HISPANO DE RWC,2710-A Bay Rd.,Redwood City,E,http://goo.gl/maps/6sjED,,2013-07-24 02:08:43 UTC,2013-07-24 02:08:43 UTC
254,"Saturday, 	7:30 PM",WOODSIDE GROUP,Sequoia Hospital - R Floor Conference Room Whipple & The Alameda,Redwood City,Wh,http://goo.gl/maps/qs8fE,,2013-07-24 02:08:44 UTC,2013-07-24 02:08:44 UTC
252,"Sunday, 	8:00 PM",SUN NIGHT SHARING GROUP,Sequoia Hospital - R Floor Conference Room   Whipple & The Alameda,Redwood City,Wh,http://goo.gl/maps/qs8fE,,2013-07-24 02:08:44 UTC,2013-07-24 02:08:44 UTC
108,"Friday, 	8:00 PM",WESTLAKE SPEAKER DISCUSSION,Dolger Sr Ctr. Rm 7	101 Lake Merced Bl.,Daly City,"D,Wh",http://goo.gl/maps/bRv7K,,2013-07-24 02:08:43 UTC,2013-07-24 02:08:43 UTC
264,"Saturday, 	5:00 PM",SAT NIGHT SPEAKER/DISCUSSION,Shoreline Station	225 S. Cabrillo Hwy Rm101-C,Half Moon Bay ,"D,H,L,Wh",http://goo.gl/maps/2d783,,2013-07-24 02:08:44 UTC,2013-07-24 02:08:44 UTC
128,"Thursday, 	7:30 PM",DAY AT A TIME,Good Shepherd Church   5th & O’Neill,Belmont,H,http://goo.gl/maps/PvMhV,,2013-07-24 02:08:43 UTC,2013-07-24 02:08:43 UTC
74,"Thursday, 	12:00 PM",B.Y.O.B.GROUP,Baptist Church  2070 Francisco Blvd.,Pacifica,L,http://goo.gl/maps/lJm82,,2013-07-24 02:08:43 UTC,2013-07-24 02:08:43 UTC
202,"Friday, 	6:00 PM",COTTONMOUTH MEETING,Menlo Park Presbyterian Church 950 University Drive / Building D / Room 11,Menlo Park,"SP,",http://goo.gl/maps/01aW6,,2013-07-24 02:08:44 UTC,2013-07-24 02:08:44 UTC
308,"Tuesday, 	7:00 AM",Big Book Study,WBAC - West Bay Fellowship - Phone: (650) 756-3322   7324 Mission Street,Daly City,"H,L",http://goo.gl/maps/pxPLF,,2013-07-24 02:08:44 UTC,2013-07-24 02:08:44 UTC
188,"Monday, 	8:00 PM",Vivendo en Sobriedad,Oscar's Casa	721 N. Amphlett- 271-1403,San Mateo,E,http://goo.gl/maps/bnSxs,,2013-07-24 02:08:44 UTC,2013-07-24 02:08:44 UTC
113,"Tuesday, 	12:00 PM",LIVING SOBER,Free at Last-bldg 3  1796 Bay Road,East Palo Alto,H,http://goo.gl/maps/eHzVH,,2013-07-24 02:08:43 UTC,2013-07-24 02:08:43 UTC
118,"Thursday, 	7:00 AM",Morning Serenity,Friendship Hall  416 2nd Ave,San Mateo,H,http://goo.gl/maps/tVDW6,,2013-07-24 02:08:43 UTC,2013-07-24 02:08:43 UTC
220,"Tuesday, 	7:00 AM",Crack of Dawn,San Carlos Peninsula Fellowship  1133 Eaton Ave. Upstairs,San Carlos,H,http://goo.gl/maps/PT4Cs,,2013-07-24 02:08:44 UTC,2013-07-24 02:08:44 UTC
306,"Thursday, RS	7:00 AM",PORTOLA VALLEY 11TH STEP,"Valley Presbyterian Church	945 Portola Road, in Bride's Room",Portola Valley ,H,http://goo.gl/maps/Vpl1Z,,2013-07-24 02:08:44 UTC,2013-07-24 02:08:44 UTC
30,"Saturday, 	7:00 PM",Oportunidad de Vivir,2151 Euclid,East Palo Alto,E,http://goo.gl/maps/R1oUH,,2013-07-24 02:08:43 UTC,2013-07-24 02:08:43 UTC
249,"Tuesday, 	6:00 PM",Women's Big Book Study,San Carlos Peninsula Fellowship  1133 Eaton Ave. Upstairs,San Carlos,"H,L",http://goo.gl/maps/PT4Cs,,2013-07-24 02:08:44 UTC,2013-07-24 02:08:44 UTC
273,"Sunday, 	7:30 PM",BEGINNER'S MTG,St. Andrew's Church  15th Ave. & El Camino,San Mateo,"H,B,",http://goo.gl/maps/FvbmL,,2013-07-24 02:08:44 UTC,2013-07-24 02:08:44 UTC
122,"Tuesday, 	7:00 PM",STEPPING STONES GROUP,Good News Chapel  215 W. Orange Avenue,South SF,"H,L",http://goo.gl/maps/TfMo7,,2013-07-24 02:08:43 UTC,2013-07-24 02:08:43 UTC
305,"Tuesday, 	7:00 AM",PORTOLA VALLEY 11TH STEP,"Valley Presbyterian Church	945 Portola Road, in Bride's Room",Portola Valley ,H,http://goo.gl/maps/Vpl1Z,,2013-07-24 02:08:44 UTC,2013-07-24 02:08:44 UTC
36,"Thursday, 	7:30 PM",Grupo Hispano,3120 Spring St.,Redwood City,E,http://goo.gl/maps/KsRYG,,2013-07-24 02:08:43 UTC,2013-07-24 02:08:43 UTC
102,"Thursday, 	5:30 PM",Foster City Living Sober Group,Community Center 1000 E. Hillsdale - 2nd Fl.,Foster City,"D,H,L",http://goo.gl/maps/Kf3xI,,2013-07-24 02:08:43 UTC,2013-07-24 02:08:43 UTC
139,"Monday, 	12:10PM ",MONDAY HAPPY HOUR,"Holy Trinity Church	Ravenswood & Laurel, Tierney Rm.",Menlo Park,"C,D,H,Wh",http://goo.gl/maps/N16Q9,,2013-07-24 02:08:43 UTC,2013-07-24 02:08:43 UTC
149,"Thursday, 	8:15 PM",THE IRREGULARS,"Kaiser Hospital Maple & Veterans, Cypress Bldg. Rm A B or C",Redwood City,"C,D",http://goo.gl/maps/eHcXL,,2013-07-24 02:08:43 UTC,2013-07-24 02:08:43 UTC
77,"Tuesday, 	7:30 PM",PACIFICA MEN'S GROUP,Baptist Church  2070 Francisco Blvd.,Pacifica,"H,L,M",http://goo.gl/maps/lJm82,,2013-07-24 02:08:43 UTC,2013-07-24 02:08:43 UTC
193,"Thursday, 	8:00 PM",Vivendo en Sobriedad,"Oscar's Casa	721 N. Amphlett, 271-1403",San Mateo,E,http://goo.gl/maps/bnSxs,,2013-07-24 02:08:44 UTC,2013-07-24 02:08:44 UTC
160,"Saturday, 	7:30 AM",SATURDAY MORNING EYE OPENER,Lutheran Church	900 N. Cabrillo Hwy.,Half Moon Bay ,,http://goo.gl/maps/U3t63,,2013-07-24 02:08:43 UTC,2013-07-24 02:08:43 UTC
178,"Sunday, 	5:00 PM",CELEBRATE BEING ALIVE (Step Study),"Mills Hospital (Sadie Rm. In basement) 100 S. San Mateo Drive, Sadie Room",San Mateo,"C,W,D,H,L",http://goo.gl/maps/1rMDe,,2013-07-24 02:08:43 UTC,2013-07-24 02:08:43 UTC
24,"Sunday, 	6:00 PM",Oportunidad de Vivir,2151 Euclid,East Palo Alto,E,http://goo.gl/maps/R1oUH,,2013-07-24 02:08:43 UTC,2013-07-24 02:08:43 UTC
180,"Monday, 	2:30 PM",PRICE OF FREEDOM GROUP,"NEW 540 Price Ave., 1st floor (closed on State Holidays)",Redwood City,"H,B,",http://goo.gl/maps/Bcozw,,2013-07-24 02:08:43 UTC,2013-07-24 02:08:43 UTC
284,"Thursday, 	6:30 PM",WATCH YOUR STEP,St. Elizabeth's  280 Country Club Dr.,South SF,L,http://goo.gl/maps/kOblX,,2013-07-24 02:08:44 UTC,2013-07-24 02:08:44 UTC
159,"Monday, 	8:00 PM",COASTSIDE Big Book Study,Lutheran Church	900 N. Cabrillo Hwy.,Half Moon Bay ,"H,L,Wh",http://goo.gl/maps/U3t63,,2013-07-24 02:08:43 UTC,2013-07-24 02:08:43 UTC
276,"Wednesday, 	7:30 PM",EARLY ENDERS,St. Andrew's Church  1600 Santa Lucia – Lower Social Rm,San Bruno ,"H,Wh",http://goo.gl/maps/YyqUx,,2013-07-24 02:08:44 UTC,2013-07-24 02:08:44 UTC
129,"Friday, 	12:00 PM",SINGLENESS OF PURPOSE,Good Shepherd Church   5th & O’Neill,Belmont,H,http://goo.gl/maps/PvMhV,,2013-07-24 02:08:43 UTC,2013-07-24 02:08:43 UTC
101,"Wednesday, 	5:30 PM",Foster City Living Sober Group,Community Center 1000 E. Hillsdale - 2nd Fl.,Foster City,"H,L",http://goo.gl/maps/Kf3xI,,2013-07-24 02:08:43 UTC,2013-07-24 02:08:43 UTC
134,"Wednesday, 	7:30 PM",Big Book Study GROUP,Holy Trinity Church	Cedar & Manzanita,San Carlos,"H,L",http://goo.gl/maps/9O5FX,,2013-07-24 02:08:43 UTC,2013-07-24 02:08:43 UTC
144,"Thursday, 	7:30 PM",ESTO ES AA,Iglesia San Timoteo	1515 Dolan Ave,San Mateo,E,http://goo.gl/maps/P94Hk,,2013-07-24 02:08:43 UTC,2013-07-24 02:08:43 UTC
318,"Monday, 	7:00 AM",Grapevine Meeting,WBAC - West Bay Fellowship - Phone: (650) 756-3322   7324 Mission Street,Daly City,D,http://goo.gl/maps/pxPLF,,2013-07-24 02:08:44 UTC,2013-07-24 02:08:44 UTC
182,"Wednesday, 	8:30 PM",BROAD HIGHWAY-BB STUDY,New Life Community Church  1430 Palm Drive -- enter on El Camino Real,Burlingame,"H,L",http://goo.gl/maps/POKC9,,2013-07-24 02:08:43 UTC,2013-07-24 02:08:43 UTC
62,"Friday, 	12:00 PM",Grupo Geneva,5520 Mission @ Guttenberg,Daly City,E,http://goo.gl/maps/Pbqkl,,2013-07-24 02:08:43 UTC,2013-07-24 02:08:43 UTC
125,"Tuesday, 	8:00 PM",TUESDAY NITE GROUP,Good Shepherd Church   301 Burlingame,Burlingame,"DSP,",http://goo.gl/maps/Y2gMf,,2013-07-24 02:08:43 UTC,2013-07-24 02:08:43 UTC
198,"Monday, 	7:00 PM",PESCADERO GROUP,Pescadero Comm. Church	363 Stage Road,Pescadero,H,http://goo.gl/maps/Tbkbe,,2013-07-24 02:08:44 UTC,2013-07-24 02:08:44 UTC
259,"Tuesday, 	12:00 PM",Big Book Study,Shoreline Station	225 S. Cabrillo Hwy Rm101-C,Half Moon Bay ,"L,Wh",http://goo.gl/maps/2d783,,2013-07-24 02:08:44 UTC,2013-07-24 02:08:44 UTC
297,"Sunday, 	7:30 PM",SERENITY IN PACIFICA,Terra Nova Church Ctr.	1125 Terra Nova,Pacifica,"D,H,Wh",http://goo.gl/maps/gdaEr,,2013-07-24 02:08:44 UTC,2013-07-24 02:08:44 UTC
313,"Sunday, 	5:00 PM",COMMITTED ,WBAC - West Bay Fellowship - Phone: (650) 756-3322   7324 Mission Street,Daly City,L,http://goo.gl/maps/pxPLF,,2013-07-24 02:08:44 UTC,2013-07-24 02:08:44 UTC
95,"Thursday, 	8:00 PM",WE HAVE RECOVERED GROUP,"Church of the Epiphany, Main Hall Arroyo & Cedar",San Carlos,Wh,http://goo.gl/maps/nDA3S,,2013-07-24 02:08:43 UTC,2013-07-24 02:08:43 UTC
256,"Tuesday, 	7:00 PM",Men's 'Language of the Heart' study,Seton Coastside Hosp.	600 Marine Blvd.,Moss Beach,"L,M",http://goo.gl/maps/cLFFn,,2013-07-24 02:08:44 UTC,2013-07-24 02:08:44 UTC
268,"Wednesday, 	8:00 PM",NEWCOMERS Q&A,"St . Pius Church  1100 Woodside Rd, Rm 4",Redwood City,"C,D,Wh",http://goo.gl/maps/MkNf7,,2013-07-24 02:08:44 UTC,2013-07-24 02:08:44 UTC
317,"Thursday, 	6:30 PM",FLY BY NIGHT GROUP,WBAC - West Bay Fellowship - Phone: (650) 756-3322   7324 Mission Street,Daly City,"H,L",http://goo.gl/maps/pxPLF,,2013-07-24 02:08:44 UTC,2013-07-24 02:08:44 UTC
327,"Saturday, 	8:30 AM",Smart Feet,WBAC - West Bay Fellowship - Phone: (650) 756-3322   7324 Mission Street,Daly City,"D,L",http://goo.gl/maps/pxPLF,,2013-07-24 02:08:44 UTC,2013-07-24 02:08:44 UTC
291,"Saturday, 	7:30 PM",AS BILL SEES IT,St. Peters Church	700 Oddstad – at Linda Mar,Pacifica,"C,L",http://goo.gl/maps/shBvB,,2013-07-24 02:08:44 UTC,2013-07-24 02:08:44 UTC
325,"Saturday, 	7:30 PM",Nada Podemos Solos,WBAC - West Bay Fellowship - Phone: (650) 756-3322   7324 Mission Street,Daly City,E,http://goo.gl/maps/pxPLF,,2013-07-24 02:08:44 UTC,2013-07-24 02:08:44 UTC
14,"Saturday, 	11:00 AM",ANY LENGTH GROUP,1600 Trousdale Ave.,Burlingame,"H,SP,Wh",http://goo.gl/maps/Yp5XW,,2013-07-24 02:08:43 UTC,2013-07-24 02:08:43 UTC
92,"Wednesday, 	12:00 PM",THE OLD & THE NEW,Central Peninsula Church 1005 Shell Blvd,Foster City,"C,D,Wh",http://goo.gl/maps/hJRr0,,2013-07-24 02:08:43 UTC,2013-07-24 02:08:43 UTC
177,"Wednesday, 	4:30 PM",RESTORED TO SANITY,Mills Hospital  100 San Mateo Drive (Sadie Thompson Room in basement),San Mateo,H,http://goo.gl/maps/1rMDe,,2013-07-24 02:08:43 UTC,2013-07-24 02:08:43 UTC
312,"Sunday, 	9:30 AM",Colma Eye Opener,WBAC - West Bay Fellowship - Phone: (650) 756-3322   7324 Mission Street,Daly City,"D,L",http://goo.gl/maps/pxPLF,,2013-07-24 02:08:44 UTC,2013-07-24 02:08:44 UTC
326,"Saturday, 	10:00 AM",Sat Morning Step,WBAC - West Bay Fellowship - Phone: (650) 756-3322   7324 Mission Street,Daly City,L,http://goo.gl/maps/pxPLF,,2013-07-24 02:08:44 UTC,2013-07-24 02:08:44 UTC
335,"Sunday, 	7:00 PM",Here and Now,Woodside Methodist Church  Woodside Road and Alameda,Redwood City,H,http://goo.gl/maps/KDxvT,,2013-07-24 02:08:44 UTC,2013-07-24 02:08:44 UTC
303,"Friday, 	7:00 PM",FRIDAY NIGHT RAP GROUP,United Methodist Church 450 Chadbourne Rm 101,Millbrae,D,http://goo.gl/maps/xeSpv,,2013-07-24 02:08:44 UTC,2013-07-24 02:08:44 UTC
316,"Wednesday, 	7:00 AM",Early Birds-Daily Reflection,WBAC - West Bay Fellowship - Phone: (650) 756-3322   7324 Mission Street,Daly City,H,http://goo.gl/maps/pxPLF,,2013-07-24 02:08:44 UTC,2013-07-24 02:08:44 UTC
207,"Sunday, 	2:00 PM",SUNSHINE GROUP-Big Book Study,"San Mateo County General Hospital – 39th & Edison – 2nd floor, Edu Conf Room",San Mateo,"L,Wh",http://goo.gl/maps/ugYuU,,2013-07-24 02:08:44 UTC,2013-07-24 02:08:44 UTC
320,"Thursday, 	7:00 AM",Living Sober,WBAC - West Bay Fellowship - Phone: (650) 756-3322   7324 Mission Street,Daly City,"D,H",http://goo.gl/maps/pxPLF,,2013-07-24 02:08:44 UTC,2013-07-24 02:08:44 UTC
265,"Thursday, 	12:00 PM",STEP STUDY,Shoreline Station	225 S. Cabrillo Hwy Rm101-C,Half Moon Bay ,"L,Wh",http://goo.gl/maps/2d783,,2013-07-24 02:08:44 UTC,2013-07-24 02:08:44 UTC
292,"Saturday, 	10:30 AM",COMPLETE ABANDON GROUP,St . Pius Church  1100 Woodside Rd. Rm 4,Redwood City,H,http://goo.gl/maps/MkNf7,,2013-07-24 02:08:44 UTC,2013-07-24 02:08:44 UTC
67,"Monday, 	7:00 PM",Central de RWC,640 Hurlingame ,Redwood City,E,http://goo.gl/maps/xDXgn,,2013-07-24 02:08:43 UTC,2013-07-24 02:08:43 UTC
27,"Wednesday, 	7:00 PM",Oportunidad de Vivir,2151 Euclid,East Palo Alto,E,http://goo.gl/maps/R1oUH,,2013-07-24 02:08:43 UTC,2013-07-24 02:08:43 UTC
84,"Tuesday, 	12:00 PM",TUESDAY 12:00 NOON DISCUSSION,Baptist Church  2070 Francisco Blvd.,Pacifica,"D,H",http://goo.gl/maps/lJm82,,2013-07-24 02:08:43 UTC,2013-07-24 02:08:43 UTC
124,"Thursday, 	12:00 PM",BURLINGAME MEN’S NOON MEETING,Good Shepherd Church   301 Burlingame,Burlingame,"H,Wh",http://goo.gl/maps/Y2gMf,,2013-07-24 02:08:43 UTC,2013-07-24 02:08:43 UTC
127,"Tuesday, 	12:00 PM",BELMONT NOON GROUP,Good Shepherd Church   5th & O’Neill,Belmont,H,http://goo.gl/maps/PvMhV,,2013-07-24 02:08:43 UTC,2013-07-24 02:08:43 UTC
172,"Thursday, 	7:30 PM",GET IT STARTED GROUP,Millbrae Parks & Rec.	477 Lincoln Circle,Millbrae,"D,H,SP,",http://goo.gl/maps/ljgXK,,2013-07-24 02:08:43 UTC,2013-07-24 02:08:43 UTC
329,"Sunday, 	7:00 PM",Sun Nite Step,WBAC - West Bay Fellowship - Phone: (650) 756-3322   7324 Mission Street,Daly City,H,http://goo.gl/maps/pxPLF,,2013-07-24 02:08:44 UTC,2013-07-24 02:08:44 UTC
16,"Monday, 	7:00 PM",Tres Legados,171 5th Av. #206,Redwood City,E,http://goo.gl/maps/9X1Zd,,2013-07-24 02:08:43 UTC,2013-07-24 02:08:43 UTC
123,"Wednesday, 	6:00 PM",ONE LINE AT A TIME,Good Shepherd  5th & O’Neill,Belmont,"H,L",http://goo.gl/maps/PvMhV,,2013-07-24 02:08:43 UTC,2013-07-24 02:08:43 UTC
191,"Friday, 	8:00 PM",Vivendo en Sobriedad,Oscar's Casa	721 N. Amphlett- 271-1403,San Mateo,E,http://goo.gl/maps/bnSxs,,2013-07-24 02:08:44 UTC,2013-07-24 02:08:44 UTC
194,"Friday, 	8:00 PM",FRIDAY NIGHT GROUP,Our Lady of Pillar Church  540 Kelly (Church St),Half Moon Bay ,,http://goo.gl/maps/OYejs,,2013-07-24 02:08:44 UTC,2013-07-24 02:08:44 UTC
5,"Wednesday, 	6:30 PM",Sendero De Vida,103 Broadway,Redwood City,E,http://goo.gl/maps/HrGHh,,2013-07-24 02:08:43 UTC,2013-07-24 02:08:43 UTC
213,"Friday, 	Midnight ",Awake and Serene,San Carlos Peninsula Fellowship  1133 Eaton Ave. Upstairs,San Carlos,H,http://goo.gl/maps/PT4Cs,,2013-07-24 02:08:44 UTC,2013-07-24 02:08:44 UTC
206,"Thursday, RS	12:00 PM",BROKEN ELEVATOR,"Redwood Shores Library  399 Marine Pkwy, Rm. A",Redwood City,"D,H,Wh",http://goo.gl/maps/hoUZz,,2013-07-24 02:08:44 UTC,2013-07-24 02:08:44 UTC
216,"Wednesday, 	9:00 PM",Big Book Study,San Carlos Peninsula Fellowship  1133 Eaton Ave. Upstairs,San Carlos,"H,L",http://goo.gl/maps/PT4Cs,,2013-07-24 02:08:44 UTC,2013-07-24 02:08:44 UTC
21,"Saturday, 	7:00 PM",Tres Legados,171 5th Ave #210,Redwood City,E,http://goo.gl/maps/9X1Zd,,2013-07-24 02:08:43 UTC,2013-07-24 02:08:43 UTC
175,"Tuesday, 	8:00 PM",SAN MATEO GROUP. NO 1,"Mills Health Center	100 S. San Mateo Drive, Sadie Room",San Mateo,"D,H,SP,",http://goo.gl/maps/1rMDe,,2013-07-24 02:08:43 UTC,2013-07-24 02:08:43 UTC
89,"Friday, 	7:00 AM",ATHERTON AA,Carriage House Holbrook Palmer Park 150 Watkins Rd,Atherton,H,http://goo.gl/maps/7jr4W,,2013-07-24 02:08:43 UTC,2013-07-24 02:08:43 UTC
240,"Monday, 	9:00 PM",Speaker/ Discussion,San Carlos Peninsula Fellowship  1133 Eaton Ave. Upstairs,San Carlos,"D,H,SP,",http://goo.gl/maps/PT4Cs,,2013-07-24 02:08:44 UTC,2013-07-24 02:08:44 UTC
153,"Friday, 	12:30 PM",DISCUSSION GROUP,Library Palmetto & Hilton (street parking only),Pacifica,"D,H",http://goo.gl/maps/C0m1O,,2013-07-24 02:08:43 UTC,2013-07-24 02:08:43 UTC
219,"Sunday, 	7:00 AM",Crack of Dawn,San Carlos Peninsula Fellowship  1133 Eaton Ave. Upstairs,San Carlos,H,http://goo.gl/maps/PT4Cs,,2013-07-24 02:08:44 UTC,2013-07-24 02:08:44 UTC
315,"Wednesday, 	8:00 PM",Daly City Wed Nite,WBAC - West Bay Fellowship - Phone: (650) 756-3322   7324 Mission Street,Daly City,"D,H,L",http://goo.gl/maps/pxPLF,,2013-07-24 02:08:44 UTC,2013-07-24 02:08:44 UTC
90,"Sunday, 	9:00 AM",SUNDAY SPIRITUALITY,Carriage House Holbrook Palmer Park 150 Watkins Rd,Atherton,"H,B,SP,Wh",http://goo.gl/maps/7jr4W,,2013-07-24 02:08:43 UTC,2013-07-24 02:08:43 UTC
64,"Saturday, 	8:00 PM",Grupo Geneva,5520 Mission @ Guttenberg,Daly City,E,http://goo.gl/maps/Pbqkl,,2013-07-24 02:08:43 UTC,2013-07-24 02:08:43 UTC
93,"Thursday, 	12:00 PM",COURAGE TO CHANGE,Church of Christ	603 Monte Diablo,San Mateo,"C,H",http://goo.gl/maps/0P5dM,,2013-07-24 02:08:43 UTC,2013-07-24 02:08:43 UTC
211,"Monday, 	7:30 PM",12 Step Study,San Carlos Peninsula Fellowship  1133 Eaton Ave. Upstairs,San Carlos,H,http://goo.gl/maps/PT4Cs,,2013-07-24 02:08:44 UTC,2013-07-24 02:08:44 UTC
56,"Tuesday, 	12:00 PM",Grupo Geneva,5520 Mission @ Guttenberg,Daly City,E,http://goo.gl/maps/Pbqkl,,2013-07-24 02:08:43 UTC,2013-07-24 02:08:43 UTC
155,"Sunday, 	4:00 PM",SUN AFTERNOON STEP STUDY,Library Palmetto & Hilton (street parking only),Pacifica,"C,L",http://goo.gl/maps/C0m1O,,2013-07-24 02:08:43 UTC,2013-07-24 02:08:43 UTC
289,"Friday, 	8:00 PM",SERENITY GROUP,St. Paul’s Church  405 El Camino Real,Burlingame,"D,H",http://goo.gl/maps/w4SAB,,2013-07-24 02:08:44 UTC,2013-07-24 02:08:44 UTC
150,"Thursday, 	7:00 PM",LA HONDA GROUP,"La Honda Elem. School  450 Sears Ranch Road, Room #3 (in school library)",La Honda,"D,H",http://goo.gl/maps/NBHvU,,2013-07-24 02:08:43 UTC,2013-07-24 02:08:43 UTC
38,"Sunday, 	12:00 PM",Grupo 29 De Mayo,405 Grand Ave. Suite 205,South SF,E,http://goo.gl/maps/bmHbr,,2013-07-24 02:08:43 UTC,2013-07-24 02:08:43 UTC
258,"Friday, 	12:00 PM",BACK TO BASICS,Shoreline Station	225 S. Cabrillo Hwy Rm101-C,Half Moon Bay ,"D,Wh",http://goo.gl/maps/2d783,,2013-07-24 02:08:44 UTC,2013-07-24 02:08:44 UTC
192,"Saturday, 	8:00 PM",Vivendo en Sobriedad,Oscar's Casa	721 N. Amphlett- 271-1403,San Mateo,E,http://goo.gl/maps/bnSxs,,2013-07-24 02:08:44 UTC,2013-07-24 02:08:44 UTC
281,"Monday, 	7:30 PM",KEEP IT SIMPLE GROUP,St. Elizabeth's  280 Country Club Dr.,South SF,"H,SP",http://goo.gl/maps/kOblX,,2013-07-24 02:08:44 UTC,2013-07-24 02:08:44 UTC
299,"Saturday, 	7:30 PM",GROWING STRONGER,Trinity Presbyterian Church	1106 Alameda de las Pulgas,San Carlos,"D,H,SP,",http://goo.gl/maps/BrSSJ,,2013-07-24 02:08:44 UTC,2013-07-24 02:08:44 UTC
13,"Monday, 	12:00 PM",MONDAY NOON MEETING,149 Clinton,Redwood City,L,http://goo.gl/maps/KQ1is,,2013-07-24 02:08:43 UTC,2013-07-24 02:08:43 UTC
171,"Saturday, 	8:00 PM",SAT NITE 12 STEP STUDY GROUP,Methodist Church (Choir Room) 	777 Miramontes (2nd Floor),Half Moon Bay ,L,http://goo.gl/maps/LWpVR,,2013-07-24 02:08:43 UTC,2013-07-24 02:08:43 UTC
336,"Wednesday, 	7:30 PM",Wednesday Woodside Meeting,Woodside Methodist Church  Woodside Road and Alameda,Redwood City,,http://goo.gl/maps/KDxvT,,2013-07-24 02:08:44 UTC,2013-07-24 02:08:44 UTC
114,"Monday, 	7:00 AM",Morning Serenity,Friendship Hall  416 2nd Ave,San Mateo,H,http://goo.gl/maps/tVDW6,,2013-07-24 02:08:43 UTC,2013-07-24 02:08:43 UTC
152,"Monday, 	7:30 PM",LADERA MON NITE GRP,Ladera Comm. Church	3300 Alpine Rd.,Portola Valley ,,http://goo.gl/maps/74mPK,,2013-07-24 02:08:43 UTC,2013-07-24 02:08:43 UTC
285,"Tuesday, 	6:45 PM",TOOLS OF RECOVERY,St. John's Church	Sylvan & Mastick,San Bruno ,H,http://goo.gl/maps/cHyjx,,2013-07-24 02:08:44 UTC,2013-07-24 02:08:44 UTC
322,"Monday, 	6:00 PM",Mustard Seed,WBAC - West Bay Fellowship - Phone: (650) 756-3322   7324 Mission Street,Daly City,H,http://goo.gl/maps/pxPLF,,2013-07-24 02:08:44 UTC,2013-07-24 02:08:44 UTC
59,"Wednesday, 	8:00 PM",Grupo Geneva,5520 Mission @ Guttenberg,Daly City,E,http://goo.gl/maps/Pbqkl,,2013-07-24 02:08:43 UTC,2013-07-24 02:08:43 UTC
42,"Tuesday, 	12:00 PM",Grupo 29 De Mayo,405 Grand Ave. Suite 205,South SF,E,http://goo.gl/maps/bmHbr,,2013-07-24 02:08:43 UTC,2013-07-24 02:08:43 UTC
158,"Wednesday, 	7:00 PM",PACIFICA COASTSIDE GROUP,Linda Mar School	On Rosita Drive- between Peralta & Adobe,Pacifica,"H,SP,Wh",http://goo.gl/maps/fWLrd,,2013-07-24 02:08:43 UTC,2013-07-24 02:08:43 UTC
223,"Friday, 	7:00 AM",Daily Reflection Discussion,San Carlos Peninsula Fellowship  1133 Eaton Ave. Upstairs,San Carlos,"D,H,L",http://goo.gl/maps/PT4Cs,,2013-07-24 02:08:44 UTC,2013-07-24 02:08:44 UTC
227,"Saturday, 	12:00 PM",Discussion,San Carlos Peninsula Fellowship  1133 Eaton Ave. Upstairs,San Carlos,H,http://goo.gl/maps/PT4Cs,,2013-07-24 02:08:44 UTC,2013-07-24 02:08:44 UTC
117,"Wednesday, 	7:00 AM",Morning Serenity,Friendship Hall  416 2nd Ave,San Mateo,,http://goo.gl/maps/tVDW6,,2013-07-24 02:08:43 UTC,2013-07-24 02:08:43 UTC
